<?xml version="1.0" encoding="UTF-8"?>
<GenRun Id="impl_1" LaunchPart="xc7a100tcsg324-1" LaunchTime="1729657751">
  <File Type="ROUTE-PWR" Name="DES_fpga_top_power_routed.rpt"/>
  <File Type="PA-TCL" Name="DES_fpga_top.tcl"/>
  <File Type="ROUTE-PWR-SUM" Name="DES_fpga_top_power_summary_routed.pb"/>
  <File Type="REPORTS-TCL" Name="DES_fpga_top_reports.tcl"/>
  <File Type="BITSTR-MSK" Name="DES_fpga_top.msk"/>
  <File Type="ROUTE-CLK" Name="DES_fpga_top_clock_utilization_routed.rpt"/>
  <File Type="RDI-RDI" Name="DES_fpga_top.vdi"/>
  <File Type="BG-BIT" Name="DES_fpga_top.bit"/>
  <File Type="BG-DRC" Name="DES_fpga_top.drc"/>
  <File Type="BG-BGN" Name="DES_fpga_top.bgn"/>
  <File Type="BG-BIN" Name="DES_fpga_top.bin"/>
  <File Type="BITSTR-RBT" Name="DES_fpga_top.rbt"/>
  <File Type="BITSTR-NKY" Name="DES_fpga_top.nky"/>
  <File Type="BITSTR-BMM" Name="DES_fpga_top_bd.bmm"/>
  <File Type="BITSTR-MMI" Name="DES_fpga_top.mmi"/>
  <File Type="ROUTE-METHODOLOGY-DRC" Name="DES_fpga_top_methodology_drc_routed.rpt"/>
  <File Type="BITSTR-SYSDEF" Name="DES_fpga_top.sysdef"/>
  <File Type="ROUTE-METHODOLOGY-DRC-PB" Name="DES_fpga_top_methodology_drc_routed.pb"/>
  <File Type="BITSTR-LTX" Name="debug_nets.ltx"/>
  <File Type="BITSTR-LTX" Name="DES_fpga_top.ltx"/>
  <File Type="WBT-USG" Name="usage_statistics_webtalk.html"/>
  <File Type="OPT-DRC" Name="DES_fpga_top_drc_opted.rpt"/>
  <File Type="OPT-HWDEF" Name="DES_fpga_top.hwdef"/>
  <File Type="PLACE-IO" Name="DES_fpga_top_io_placed.rpt"/>
  <File Type="PLACE-UTIL" Name="DES_fpga_top_utilization_placed.rpt"/>
  <File Type="PLACE-UTIL-PB" Name="DES_fpga_top_utilization_placed.pb"/>
  <File Type="PLACE-CTRL" Name="DES_fpga_top_control_sets_placed.rpt"/>
  <File Type="PLACE-PRE-SIMILARITY" Name="DES_fpga_top_incremental_reuse_pre_placed.rpt"/>
  <File Type="ROUTE-DRC" Name="DES_fpga_top_drc_routed.rpt"/>
  <File Type="ROUTE-DRC-PB" Name="DES_fpga_top_drc_routed.pb"/>
  <File Type="ROUTE-PWR-RPX" Name="DES_fpga_top_power_routed.rpx"/>
  <File Type="ROUTE-STATUS" Name="DES_fpga_top_route_status.rpt"/>
  <File Type="ROUTE-STATUS-PB" Name="DES_fpga_top_route_status.pb"/>
  <File Type="ROUTE-DCP" Name="DES_fpga_top_routed.dcp"/>
  <File Type="ROUTE-ERROR-DCP" Name="DES_fpga_top_routed_error.dcp"/>
  <File Type="ROUTE-BLACKBOX-DCP" Name="DES_fpga_top_routed_bb.dcp"/>
  <File Type="ROUTE-TIMINGSUMMARY" Name="DES_fpga_top_timing_summary_routed.rpt"/>
  <File Type="ROUTE-TIMING-PB" Name="DES_fpga_top_timing_summary_routed.pb"/>
  <File Type="ROUTE-TIMING-RPX" Name="DES_fpga_top_timing_summary_routed.rpx"/>
  <File Type="ROUTE-BUS-SKEW" Name="DES_fpga_top_bus_skew_routed.rpt"/>
  <File Type="ROUTE-BUS-SKEW-PB" Name="DES_fpga_top_bus_skew_routed.pb"/>
  <File Type="ROUTE-BUS-SKEW-RPX" Name="DES_fpga_top_bus_skew_routed.rpx"/>
  <File Type="OPT-DCP" Name="DES_fpga_top_opt.dcp"/>
  <File Type="PLACE-DCP" Name="DES_fpga_top_placed.dcp"/>
  <File Type="PWROPT-DCP" Name="DES_fpga_top_pwropt.dcp"/>
  <File Type="POSTPLACE-PWROPT-DCP" Name="DES_fpga_top_postplace_pwropt.dcp"/>
  <File Type="PHYSOPT-DCP" Name="DES_fpga_top_physopt.dcp"/>
  <File Type="POSTROUTE-PHYSOPT-DCP" Name="DES_fpga_top_postroute_physopt.dcp"/>
  <File Type="POSTROUTE-PHYSOPT-BLACKBOX-DCP" Name="DES_fpga_top_postroute_physopt_bb.dcp"/>
  <File Type="ROUTE-DRC-RPX" Name="DES_fpga_top_drc_routed.rpx"/>
  <File Type="ROUTE-METHODOLOGY-DRC-RPX" Name="DES_fpga_top_methodology_drc_routed.rpx"/>
  <File Type="PDI-FILE" Name="DES_fpga_top.pdi"/>
  <File Type="RCFI_FILE" Name="DES_fpga_top.rcfi"/>
  <File Type="CFI_FILE" Name="DES_fpga_top.cfi"/>
  <File Type="RNPI_FILE" Name="DES_fpga_top.rnpi"/>
  <File Type="NPI_FILE" Name="DES_fpga_top.npi"/>
  <File Type="RBD_FILE" Name="DES_fpga_top.rbd"/>
  <FileSet Name="sources" Type="DesignSrcs" RelSrcDir="$PSRCDIR/sources_1" RelGenDir="$PGENDIR/sources_1">
    <Filter Type="Srcs"/>
    <File Path="$PPRDIR/../../Downloads/pipeline-DES-verilog-master/pipeline-DES-verilog-master/sources_1/new/DES.v">
      <FileInfo>
        <Attr Name="UsedIn" Val="synthesis"/>
        <Attr Name="UsedIn" Val="implementation"/>
        <Attr Name="UsedIn" Val="simulation"/>
      </FileInfo>
    </File>
    <File Path="$PPRDIR/../../Downloads/pipeline-DES-verilog-master/pipeline-DES-verilog-master/sources_1/new/Expansion.v">
      <FileInfo>
        <Attr Name="UsedIn" Val="synthesis"/>
        <Attr Name="UsedIn" Val="implementation"/>
        <Attr Name="UsedIn" Val="simulation"/>
      </FileInfo>
    </File>
    <File Path="$PPRDIR/../../Downloads/pipeline-DES-verilog-master/pipeline-DES-verilog-master/sources_1/new/Feistel.v">
      <FileInfo>
        <Attr Name="UsedIn" Val="synthesis"/>
        <Attr Name="UsedIn" Val="implementation"/>
        <Attr Name="UsedIn" Val="simulation"/>
      </FileInfo>
    </File>
    <File Path="$PPRDIR/../../Downloads/pipeline-DES-verilog-master/pipeline-DES-verilog-master/sources_1/new/InitialPermutation.v">
      <FileInfo>
        <Attr Name="UsedIn" Val="synthesis"/>
        <Attr Name="UsedIn" Val="implementation"/>
        <Attr Name="UsedIn" Val="simulation"/>
      </FileInfo>
    </File>
    <File Path="$PPRDIR/../../Downloads/pipeline-DES-verilog-master/pipeline-DES-verilog-master/sources_1/new/InversePermutation.v">
      <FileInfo>
        <Attr Name="UsedIn" Val="synthesis"/>
        <Attr Name="UsedIn" Val="implementation"/>
        <Attr Name="UsedIn" Val="simulation"/>
      </FileInfo>
    </File>
    <File Path="$PPRDIR/../../Downloads/pipeline-DES-verilog-master/pipeline-DES-verilog-master/sources_1/new/KeyShift.v">
      <FileInfo>
        <Attr Name="UsedIn" Val="synthesis"/>
        <Attr Name="UsedIn" Val="implementation"/>
        <Attr Name="UsedIn" Val="simulation"/>
      </FileInfo>
    </File>
    <File Path="$PPRDIR/../../Downloads/pipeline-DES-verilog-master/pipeline-DES-verilog-master/sources_1/new/Permutation.v">
      <FileInfo>
        <Attr Name="UsedIn" Val="synthesis"/>
        <Attr Name="UsedIn" Val="implementation"/>
        <Attr Name="UsedIn" Val="simulation"/>
      </FileInfo>
    </File>
    <File Path="$PPRDIR/../../Downloads/pipeline-DES-verilog-master/pipeline-DES-verilog-master/sources_1/new/PermutedChoice1.v">
      <FileInfo>
        <Attr Name="UsedIn" Val="synthesis"/>
        <Attr Name="UsedIn" Val="implementation"/>
        <Attr Name="UsedIn" Val="simulation"/>
      </FileInfo>
    </File>
    <File Path="$PPRDIR/../../Downloads/pipeline-DES-verilog-master/pipeline-DES-verilog-master/sources_1/new/PermutedChoice2.v">
      <FileInfo>
        <Attr Name="UsedIn" Val="synthesis"/>
        <Attr Name="UsedIn" Val="implementation"/>
        <Attr Name="UsedIn" Val="simulation"/>
      </FileInfo>
    </File>
    <File Path="$PPRDIR/../../Downloads/pipeline-DES-verilog-master/pipeline-DES-verilog-master/sources_1/new/Sbox1.v">
      <FileInfo>
        <Attr Name="UsedIn" Val="synthesis"/>
        <Attr Name="UsedIn" Val="implementation"/>
        <Attr Name="UsedIn" Val="simulation"/>
      </FileInfo>
    </File>
    <File Path="$PPRDIR/../../Downloads/pipeline-DES-verilog-master/pipeline-DES-verilog-master/sources_1/new/Sbox2.v">
      <FileInfo>
        <Attr Name="UsedIn" Val="synthesis"/>
        <Attr Name="UsedIn" Val="implementation"/>
        <Attr Name="UsedIn" Val="simulation"/>
      </FileInfo>
    </File>
    <File Path="$PPRDIR/../../Downloads/pipeline-DES-verilog-master/pipeline-DES-verilog-master/sources_1/new/Sbox3.v">
      <FileInfo>
        <Attr Name="UsedIn" Val="synthesis"/>
        <Attr Name="UsedIn" Val="implementation"/>
        <Attr Name="UsedIn" Val="simulation"/>
      </FileInfo>
    </File>
    <File Path="$PPRDIR/../../Downloads/pipeline-DES-verilog-master/pipeline-DES-verilog-master/sources_1/new/Sbox4.v">
      <FileInfo>
        <Attr Name="UsedIn" Val="synthesis"/>
        <Attr Name="UsedIn" Val="implementation"/>
        <Attr Name="UsedIn" Val="simulation"/>
      </FileInfo>
    </File>
    <File Path="$PPRDIR/../../Downloads/pipeline-DES-verilog-master/pipeline-DES-verilog-master/sources_1/new/Sbox5.v">
      <FileInfo>
        <Attr Name="UsedIn" Val="synthesis"/>
        <Attr Name="UsedIn" Val="implementation"/>
        <Attr Name="UsedIn" Val="simulation"/>
      </FileInfo>
    </File>
    <File Path="$PPRDIR/../../Downloads/pipeline-DES-verilog-master/pipeline-DES-verilog-master/sources_1/new/Sbox6.v">
      <FileInfo>
        <Attr Name="UsedIn" Val="synthesis"/>
        <Attr Name="UsedIn" Val="implementation"/>
        <Attr Name="UsedIn" Val="simulation"/>
      </FileInfo>
    </File>
    <File Path="$PPRDIR/../../Downloads/pipeline-DES-verilog-master/pipeline-DES-verilog-master/sources_1/new/Sbox7.v">
      <FileInfo>
        <Attr Name="UsedIn" Val="synthesis"/>
        <Attr Name="UsedIn" Val="implementation"/>
        <Attr Name="UsedIn" Val="simulation"/>
      </FileInfo>
    </File>
    <File Path="$PPRDIR/../../Downloads/pipeline-DES-verilog-master/pipeline-DES-verilog-master/sources_1/new/Sbox8.v">
      <FileInfo>
        <Attr Name="UsedIn" Val="synthesis"/>
        <Attr Name="UsedIn" Val="implementation"/>
        <Attr Name="UsedIn" Val="simulation"/>
      </FileInfo>
    </File>
    <File Path="$PPRDIR/../../Downloads/pipeline-DES-verilog-master/pipeline-DES-verilog-master/sources_1/new/register.v">
      <FileInfo>
        <Attr Name="UsedIn" Val="synthesis"/>
        <Attr Name="UsedIn" Val="implementation"/>
        <Attr Name="UsedIn" Val="simulation"/>
      </FileInfo>
    </File>
    <File Path="$PSRCDIR/sources_1/new/DES_fpga_top.v">
      <FileInfo>
        <Attr Name="ImportPath" Val="$PPRDIR/../../des_quiz1/des_quiz1.srcs/sources_1/new/DES_fpga_top.v"/>
        <Attr Name="ImportTime" Val="1729636755"/>
        <Attr Name="UsedIn" Val="synthesis"/>
        <Attr Name="UsedIn" Val="implementation"/>
        <Attr Name="UsedIn" Val="simulation"/>
      </FileInfo>
    </File>
    <File Path="$PPRDIR/../project_cindy-20241022T221840Z-001/project_cindy/project_cindy.srcs/sources_1/new/seg7_control.v">
      <FileInfo>
        <Attr Name="UsedIn" Val="synthesis"/>
        <Attr Name="UsedIn" Val="implementation"/>
        <Attr Name="UsedIn" Val="simulation"/>
      </FileInfo>
    </File>
    <Config>
      <Option Name="DesignMode" Val="RTL"/>
      <Option Name="TopModule" Val="DES_fpga_top"/>
      <Option Name="TopAutoSet" Val="TRUE"/>
    </Config>
  </FileSet>
  <FileSet Name="constrs_in" Type="Constrs" RelSrcDir="$PSRCDIR/constrs_1">
    <Filter Type="Constrs"/>
    <File Path="$PSRCDIR/constrs_1/new/quiz1.xdc">
      <FileInfo>
        <Attr Name="ImportPath" Val="$PPRDIR/../../des_quiz1/des_quiz1.srcs/constrs_1/new/quiz1.xdc"/>
        <Attr Name="ImportTime" Val="1729637421"/>
        <Attr Name="UsedIn" Val="synthesis"/>
        <Attr Name="UsedIn" Val="implementation"/>
      </FileInfo>
    </File>
    <Config>
      <Option Name="ConstrsType" Val="XDC"/>
    </Config>
  </FileSet>
  <FileSet Name="utils" Type="Utils" RelSrcDir="$PSRCDIR/utils_1">
    <Filter Type="Utils"/>
    <File Path="$PSRCDIR/utils_1/imports/synth_1/DES_fpga_top.dcp">
      <FileInfo>
        <Attr Name="UsedIn" Val="synthesis"/>
        <Attr Name="UsedIn" Val="implementation"/>
        <Attr Name="UsedInSteps" Val="synth_1"/>
        <Attr Name="AutoDcp" Val="1"/>
      </FileInfo>
    </File>
    <Config>
      <Option Name="TopAutoSet" Val="TRUE"/>
    </Config>
  </FileSet>
  <Strategy Version="1" Minor="2">
    <StratHandle Name="Vivado Implementation Defaults" Flow="Vivado Implementation 2018"/>
    <Step Id="init_design"/>
    <Step Id="opt_design"/>
    <Step Id="power_opt_design"/>
    <Step Id="place_design"/>
    <Step Id="post_place_power_opt_design"/>
    <Step Id="phys_opt_design"/>
    <Step Id="route_design"/>
    <Step Id="post_route_phys_opt_design"/>
    <Step Id="write_bitstream"/>
    <Step Id="write_device_image"/>
  </Strategy>
</GenRun>
